make,model,year,price
Honda,CVR,2012,8000
Toyota,Corolla,2012,7000
BMW,X5,2023,8900
Acura,mDX,2022,6788
Honda,CVR,2012,8000
Toyota,Corolla,2012,7000
BMW,X5,2023,8900
Acura,mDX,2022,6788
Honda,CVR,2012,8000
Toyota,Corolla,2012,7000
BMW,X5,2023,8900
Acura,mDX,2022,6788
Honda,CVR,2012,8000
Toyota,Corolla,2012,7000
BMW,X5,2023,8900
Acura,mDX,2022,6788
Honda,CVR,2012,8000
Toyota,Corolla,2012,7000
BMW,X5,2023,8900
Acura,mDX,2022,6788
Honda,CVR,2012,8000
Toyota,Corolla,2012,7000
BMW,X5,2023,8900
Acura,mDX,2022,6788
Honda,CVR,2012,8000
Toyota,Corolla,2012,7000
BMW,X5,2023,8900
Acura,mDX,2022,6788
Honda,CVR,2012,8000
Toyota,Corolla,2012,7000
BMW,X5,2023,8900
Acura,mDX,2022,6788
Honda,CVR,2012,8000
Toyota,Corolla,2012,7000
BMW,X5,2023,8900
Acura,mDX,2022,6788
Honda,CVR,2012,8000
Toyota,Corolla,2012,7000
BMW,X5,2023,8900
Acura,mDX,2022,6788
Honda,CVR,2012,8000
Toyota,Corolla,2012,7000
BMW,X5,2023,8900
Acura,mDX,2022,6788
Honda,CVR,2012,8000
Toyota,Corolla,2012,7000
BMW,X5,2023,8900
Acura,mDX,2022,6788